PC,Proportion.Variance.Explained
1,0.0004953699480552652
2,0.0004882371891898407
3,0.0004816942171598761
4,0.00047824725638612967
5,0.0004733262066362184
6,0.000467698553613213
7,0.0004660300621170945
8,0.00046566316985407064
9,0.000460803109533373
10,0.0004582042927892885
